"date","year_quarter","transition_type","count","total_active","share"
2013-04-01,"2013-Q2","No transition",9842427.57698822,13598896.939827,72.376661287599
2013-04-01,"2013-Q2","wage_only → self_wage",42702.4344329834,13598896.939827,0.314013957322679
2013-04-01,"2013-Q2","wage_wage → wage_only",22653.036605835,13598896.939827,0.166579956492583
2013-04-01,"2013-Q2","wage_only → wage_self",21764.1049346924,13598896.939827,0.160043164022753
2013-04-01,"2013-Q2","self_wage → wage_only",19662.0115966797,13598896.939827,0.144585341617641
2013-04-01,"2013-Q2","wage_only → self_only",11372.9938049316,13598896.939827,0.0836317375979493
2013-04-01,"2013-Q2","self_only → self_self",7470.99630737305,13598896.939827,0.0549382522746592
2013-04-01,"2013-Q2","wage_wage → self_wage",6737.73077392578,13598896.939827,0.0495461566018127
2013-04-01,"2013-Q2","self_only → wage_wage",4743.78421020508,13598896.939827,0.0348835955680493
2013-04-01,"2013-Q2","wage_self → wage_only",3833.60101318359,13598896.939827,0.0281905292035574
2013-04-01,"2013-Q2","self_only → wage_only",3263.00134277344,13598896.939827,0.0239946030712029
2013-04-01,"2013-Q2","wage_only → wage_wage",2291.14349365234,13598896.939827,0.0168480098333733
2013-04-01,"2013-Q2","wage_wage → self_only",2252.60110473633,13598896.939827,0.0165645869271879
2013-04-01,"2013-Q2","self_wage → wage_wage",2073.0658416748,13598896.939827,0.0152443676192841
2013-04-01,"2013-Q2","wage_wage → wage_self",1676.76959228516,13598896.939827,0.0123301882476542
2013-04-01,"2013-Q2","wage_self → wage_wage",1141.41250610352,13598896.939827,0.00839341978363459
2013-04-01,"2013-Q2","self_only → self_wage",814.750732421875,13598896.939827,0.00599130014755625
2013-04-01,"2013-Q2","self_only → wage_self",717.474060058594,13598896.939827,0.00527597247948349
2013-04-01,"2013-Q2","self_self → self_only",646.458129882812,13598896.939827,0.00475375416655697
2013-04-01,"2013-Q2","wage_self → self_only",622.166137695312,13598896.939827,0.00457512208856573
2013-04-01,"2013-Q2","wage_self → self_wage",596.690490722656,13598896.939827,0.00438778596060342
2013-04-01,"2013-Q2","wage_self → self_self",398.878967285156,13598896.939827,0.00293317148479126
2013-07-01,"2013-Q3","No transition",9653498.49224854,13809927.1243744,69.9026027096856
2013-07-01,"2013-Q3","wage_only → self_wage",60317.175491333,13809927.1243744,0.436766790643477
2013-07-01,"2013-Q3","self_wage → wage_only",45205.9625396729,13809927.1243744,0.327343961575907
2013-07-01,"2013-Q3","wage_wage → wage_only",25161.2066650391,13809927.1243744,0.182196520216459
2013-07-01,"2013-Q3","wage_only → wage_self",13361.9839477539,13809927.1243744,0.0967563682806851
2013-07-01,"2013-Q3","wage_self → wage_only",8312.46125793457,13809927.1243744,0.0601919270324255
2013-07-01,"2013-Q3","self_only → wage_wage",8263.06806945801,13809927.1243744,0.0598342626651068
2013-07-01,"2013-Q3","wage_only → self_only",6944.96878051758,13809927.1243744,0.050289684499926
2013-07-01,"2013-Q3","wage_only → wage_wage",6888.63739013672,13809927.1243744,0.0498817794481938
2013-07-01,"2013-Q3","wage_wage → self_wage",6790.80084228516,13809927.1243744,0.0491733285854887
2013-07-01,"2013-Q3","self_wage → wage_wage",5293.92195129395,13809927.1243744,0.0383341773176357
2013-07-01,"2013-Q3","self_only → self_self",4581.24383544922,13809927.1243744,0.0331735554734635
2013-07-01,"2013-Q3","self_only → wage_only",4525.39276123047,13809927.1243744,0.0327691284716716
2013-07-01,"2013-Q3","wage_wage → wage_self",3596.22906494141,13809927.1243744,0.0260408982071607
2013-07-01,"2013-Q3","self_self → self_only",2789.31155395508,13809927.1243744,0.0201978730867592
2013-07-01,"2013-Q3","wage_wage → self_only",2501.1891784668,13809927.1243744,0.0181115306108475
2013-07-01,"2013-Q3","wage_self → self_wage",1586.65383911133,13809927.1243744,0.0114892267339405
2013-07-01,"2013-Q3","wage_self → self_only",1342.65740966797,13809927.1243744,0.0097224076389092
2013-07-01,"2013-Q3","self_wage → wage_self",490.819976806641,13809927.1243744,0.00355410982539037
2013-07-01,"2013-Q3","wage_self → wage_wage",474.500579833984,13809927.1243744,0.00343593833305967
2013-10-01,"2013-Q4","No transition",9228263.27859879,13558724.2568359,68.06144224038
2013-10-01,"2013-Q4","wage_only → self_wage",45165.9216003418,13558724.2568359,0.333113357457435
2013-10-01,"2013-Q4","self_wage → wage_only",30368.3421783447,13558724.2568359,0.223976397801835
2013-10-01,"2013-Q4","wage_wage → wage_only",26026.4931640625,13558724.2568359,0.191953849573574
2013-10-01,"2013-Q4","wage_only → wage_self",18047.0085754395,13558724.2568359,0.133102556210926
2013-10-01,"2013-Q4","wage_only → self_only",7411.78820800781,13558724.2568359,0.0546643479696919
2013-10-01,"2013-Q4","self_only → wage_wage",5927.48522949219,13558724.2568359,0.0437171308834879
2013-10-01,"2013-Q4","wage_wage → self_only",5344.88528442383,13558724.2568359,0.0394202668568105
2013-10-01,"2013-Q4","self_only → self_self",5106.40423583984,13558724.2568359,0.0376613915816256
2013-10-01,"2013-Q4","wage_only → wage_wage",4997.81527709961,13558724.2568359,0.0368605127033235
2013-10-01,"2013-Q4","wage_self → wage_only",4502.49203491211,13558724.2568359,0.0332073427383264
2013-10-01,"2013-Q4","wage_wage → self_wage",4466.95335388184,13558724.2568359,0.032945233410361
2013-10-01,"2013-Q4","self_only → wage_only",4197.44625854492,13558724.2568359,0.0309575309522847
2013-10-01,"2013-Q4","self_wage → wage_wage",2076.35011291504,13558724.2568359,0.0153137572059421
2013-10-01,"2013-Q4","wage_self → self_wage",1355.92810058594,13558724.2568359,0.0100004106205074
2013-10-01,"2013-Q4","wage_wage → wage_self",1072.76361083984,13558724.2568359,0.0079119804379751
2013-10-01,"2013-Q4","wage_self → wage_wage",1054.32464599609,13558724.2568359,0.00777598707684119
2013-10-01,"2013-Q4","wage_self → self_only",611.452697753906,13558724.2568359,0.00450966245917737
2013-10-01,"2013-Q4","self_self → self_only",390.651641845703,13558724.2568359,0.00288118287860856
2013-10-01,"2013-Q4","self_only → wage_self",295.933990478516,13558724.2568359,0.00218260940242452
2014-01-01,"2014-Q1","No transition",9210122.80645752,13655878.0091171,67.4443840250223
2014-01-01,"2014-Q1","wage_only → self_wage",50801.8271026611,13655878.0091171,0.37201435944832
2014-01-01,"2014-Q1","wage_only → wage_wage",26045.4006652832,13655878.0091171,0.19072666472192
2014-01-01,"2014-Q1","self_wage → wage_only",23399.3790054321,13655878.0091171,0.17135023460088
2014-01-01,"2014-Q1","wage_only → wage_self",17177.7158813477,13655878.0091171,0.125789904317241
2014-01-01,"2014-Q1","self_only → wage_wage",11726.0988922119,13655878.0091171,0.0858685094022016
2014-01-01,"2014-Q1","wage_wage → wage_only",11421.3154144287,13655878.0091171,0.0836366245129274
2014-01-01,"2014-Q1","wage_self → wage_only",8222.81588745117,13655878.0091171,0.0602144796692043
2014-01-01,"2014-Q1","wage_only → self_only",8173.51718139648,13655878.0091171,0.0598534724456353
2014-01-01,"2014-Q1","self_only → wage_only",6744.14797973633,13655878.0091171,0.0493864105642545
2014-01-01,"2014-Q1","wage_wage → self_wage",5792.10260009766,13655878.0091171,0.0424147213107107
2014-01-01,"2014-Q1","wage_wage → self_only",4571.46881103516,13655878.0091171,0.0334761983666161
2014-01-01,"2014-Q1","self_only → self_self",4471.97058105469,13655878.0091171,0.032747587361787
2014-01-01,"2014-Q1","self_wage → wage_wage",3993.45932006836,13655878.0091171,0.0292435192918551
2014-01-01,"2014-Q1","wage_self → wage_wage",2516.65948486328,13655878.0091171,0.0184291298090322
2014-01-01,"2014-Q1","wage_wage → wage_self",1151.45176696777,13655878.0091171,0.00843191310144266
2014-01-01,"2014-Q1","self_self → self_only",967.815216064453,13655878.0091171,0.0070871694622514
2014-01-01,"2014-Q1","wage_only → self_self",861.065673828125,13655878.0091171,0.00630545815694347
2014-01-01,"2014-Q1","wage_self → self_wage",606.478759765625,13655878.0091171,0.00444115537177997
2014-01-01,"2014-Q1","self_wage → self_only",485.746185302734,13655878.0091171,0.00355704836392383
2014-01-01,"2014-Q1","wage_self → self_only",418.141540527344,13655878.0091171,0.00306198942498006
2014-01-01,"2014-Q1","self_wage → wage_self",205.590728759766,13655878.0091171,0.00150551087687299
2014-04-01,"2014-Q2","No transition",9862725.63144302,13793994.2719612,71.5001430114466
2014-04-01,"2014-Q2","wage_only → self_wage",37610.724029541,13793994.2719612,0.272660139536172
2014-04-01,"2014-Q2","wage_only → wage_wage",30036.1241760254,13793994.2719612,0.217747837093707
2014-04-01,"2014-Q2","self_wage → wage_only",26815.746383667,13793994.2719612,0.194401605908847
2014-04-01,"2014-Q2","wage_wage → wage_only",18339.4200744629,13793994.2719612,0.132952208859047
2014-04-01,"2014-Q2","wage_only → wage_self",16829.1722717285,13793994.2719612,0.122003619400777
2014-04-01,"2014-Q2","self_only → wage_wage",16457.1208953857,13793994.2719612,0.11930642112008
2014-04-01,"2014-Q2","wage_only → self_only",6569.75405883789,13793994.2719612,0.0476276409088563
2014-04-01,"2014-Q2","self_only → self_self",4639.59878540039,13793994.2719612,0.0336349188924285
2014-04-01,"2014-Q2","self_only → wage_only",4214.96899414062,13793994.2719612,0.0305565517212684
2014-04-01,"2014-Q2","wage_wage → self_only",3542.51165771484,13793994.2719612,0.0256815508827319
2014-04-01,"2014-Q2","wage_wage → self_wage",2651.88037109375,13793994.2719612,0.0192248910562779
2014-04-01,"2014-Q2","wage_self → wage_only",2483.13269042969,13793994.2719612,0.0180015493806395
2014-04-01,"2014-Q2","self_self → self_only",2029.55395507812,13793994.2719612,0.0147133159189689
2014-04-01,"2014-Q2","self_wage → wage_wage",1914.28984069824,13793994.2719612,0.0138777050574059
2014-04-01,"2014-Q2","wage_wage → wage_self",1305.15353393555,13793994.2719612,0.00946175203645334
2014-04-01,"2014-Q2","wage_self → wage_wage",1295.53440856934,13793994.2719612,0.009392017881309
2014-04-01,"2014-Q2","self_wage → self_only",963.854766845703,13793994.2719612,0.00698749577419292
2014-04-01,"2014-Q2","wage_self → self_wage",764.031921386719,13793994.2719612,0.00553887370346203
2014-04-01,"2014-Q2","self_self → wage_wage",709.76708984375,13793994.2719612,0.00514547908205588
2014-04-01,"2014-Q2","wage_only → self_self",619.092102050781,13793994.2719612,0.00448812787539863
2014-04-01,"2014-Q2","self_self → wage_self",588.341674804688,13793994.2719612,0.00426520167549002
2014-04-01,"2014-Q2","wage_self → self_only",511.509216308594,13793994.2719612,0.00370820232503887
2014-07-01,"2014-Q3","No transition",9624644.61346817,13734325.9786949,70.0772985030223
2014-07-01,"2014-Q3","wage_only → self_wage",35824.6092605591,13734325.9786949,0.260839951783082
2014-07-01,"2014-Q3","self_wage → wage_only",27876.4781570435,13734325.9786949,0.202969393622128
2014-07-01,"2014-Q3","wage_only → wage_wage",27364.2671051025,13734325.9786949,0.199239971059015
2014-07-01,"2014-Q3","wage_wage → wage_only",13453.7379302979,13734325.9786949,0.0979570308085572
2014-07-01,"2014-Q3","wage_self → wage_only",11190.1556549072,13734325.9786949,0.0814758268608574
2014-07-01,"2014-Q3","wage_only → wage_self",9689.36361694336,13734325.9786949,0.0705485193228541
2014-07-01,"2014-Q3","wage_only → self_only",9474.10481262207,13734325.9786949,0.0689812141296091
2014-07-01,"2014-Q3","self_only → wage_wage",7124.28332519531,13734325.9786949,0.0518721001398009
2014-07-01,"2014-Q3","wage_wage → self_only",5239.57070922852,13734325.9786949,0.038149456459358
2014-07-01,"2014-Q3","self_only → self_self",4613.42211914062,13734325.9786949,0.0335904515903955
2014-07-01,"2014-Q3","self_wage → wage_wage",4474.19998168945,13734325.9786949,0.032576771431157
2014-07-01,"2014-Q3","self_only → wage_only",3876.19784545898,13734325.9786949,0.0282227016562142
2014-07-01,"2014-Q3","wage_wage → self_wage",3710.98059082031,13734325.9786949,0.0270197503436055
2014-07-01,"2014-Q3","self_self → self_only",2707.61999511719,13734325.9786949,0.0197142546297308
2014-07-01,"2014-Q3","wage_self → self_only",1318.85900878906,13734325.9786949,0.00960264821757482
2014-07-01,"2014-Q3","wage_self → wage_wage",882.360778808594,13734325.9786949,0.00642449276489678
2014-07-01,"2014-Q3","self_wage → wage_self",493.978240966797,13734325.9786949,0.00359666897183794
2014-07-01,"2014-Q3","self_only → wage_self",281.759399414062,13734325.9786949,0.00205149782997095
2014-07-01,"2014-Q3","self_self → wage_wage",178.828399658203,13734325.9786949,0.00130205442870372
2014-10-01,"2014-Q4","No transition",9278194.25485992,13661022.2675772,67.9172764170118
2014-10-01,"2014-Q4","wage_only → self_wage",36060.574256897,13661022.2675772,0.26396688000782
2014-10-01,"2014-Q4","wage_only → wage_wage",31136.9028167725,13661022.2675772,0.227925130395785
2014-10-01,"2014-Q4","self_wage → wage_only",23882.5250930786,13661022.2675772,0.174822386094494
2014-10-01,"2014-Q4","wage_wage → wage_only",18098.9197006226,13661022.2675772,0.1324858370488
2014-10-01,"2014-Q4","wage_self → self_only",14012.3070678711,13661022.2675772,0.102571438604032
2014-10-01,"2014-Q4","wage_self → wage_only",8950.49728393555,13661022.2675772,0.0655185029979674
2014-10-01,"2014-Q4","wage_only → self_only",8791.26229858398,13661022.2675772,0.064352887554023
2014-10-01,"2014-Q4","wage_only → wage_self",8344.48809814453,13661022.2675772,0.0610824573351966
2014-10-01,"2014-Q4","self_only → self_self",5691.70278930664,13661022.2675772,0.0416638131306998
2014-10-01,"2014-Q4","self_only → wage_wage",5284.76467895508,13661022.2675772,0.0386849869317455
2014-10-01,"2014-Q4","self_self → self_only",3613.50268554688,13661022.2675772,0.0264511880207025
2014-10-01,"2014-Q4","wage_wage → wage_self",3194.4602355957,13661022.2675772,0.023383756888951
2014-10-01,"2014-Q4","wage_wage → self_wage",2527.81466674805,13661022.2675772,0.0185038470565085
2014-10-01,"2014-Q4","self_wage → wage_wage",2082.26960754395,13661022.2675772,0.0152424142700211
2014-10-01,"2014-Q4","self_only → wage_only",1419.42999267578,13661022.2675772,0.0103903643876244
2014-10-01,"2014-Q4","wage_wage → self_only",1015.46841430664,13661022.2675772,0.00743332668973636
2014-10-01,"2014-Q4","self_self → wage_only",667.343688964844,13661022.2675772,0.00488502013900311
2014-10-01,"2014-Q4","wage_self → wage_wage",560.057189941406,13661022.2675772,0.00409967262311427
2014-10-01,"2014-Q4","self_only → self_wage",544.421447753906,13661022.2675772,0.00398521748292605
2014-10-01,"2014-Q4","self_self → wage_self",443.325225830078,13661022.2675772,0.00324518339218477
2014-10-01,"2014-Q4","self_wage → wage_self",418.579956054688,13661022.2675772,0.00306404563184219
2014-10-01,"2014-Q4","self_wage → self_only",292.584167480469,13661022.2675772,0.00214174431275822
2015-01-01,"2015-Q1","No transition",9340025.30897425,13577286.9436843,68.7915439050137
2015-01-01,"2015-Q1","wage_only → self_wage",52223.0239993369,13577286.9436843,0.384635194173527
2015-01-01,"2015-Q1","wage_only → wage_wage",27009.7191833765,13577286.9436843,0.198933110093402
2015-01-01,"2015-Q1","self_wage → wage_only",17642.462712934,13577286.9436843,0.129941002102344
2015-01-01,"2015-Q1","wage_wage → wage_only",13486.3305027397,13577286.9436843,0.0993300838280735
2015-01-01,"2015-Q1","self_only → wage_wage",13464.0092034784,13577286.9436843,0.0991656820639075
2015-01-01,"2015-Q1","wage_only → wage_self",12791.1801124791,13577286.9436843,0.0942101331844443
2015-01-01,"2015-Q1","wage_self → wage_only",10131.2272519063,13577286.9436843,0.0746189374499375
2015-01-01,"2015-Q1","self_only → wage_only",7457.87937894927,13577286.9436843,0.0549290842116175
2015-01-01,"2015-Q1","self_only → self_self",5215.76189906386,13577286.9436843,0.0384153470475931
2015-01-01,"2015-Q1","wage_only → self_only",5182.07277323931,13577286.9436843,0.0381672184931604
2015-01-01,"2015-Q1","wage_wage → self_only",3098.51360485116,13577286.9436843,0.0228213016172019
2015-01-01,"2015-Q1","self_wage → wage_wage",2830.50701451085,13577286.9436843,0.0208473683015701
2015-01-01,"2015-Q1","wage_wage → wage_self",2310.2012128488,13577286.9436843,0.0170151903132859
2015-01-01,"2015-Q1","wage_wage → self_wage",1940.1993079518,13577286.9436843,0.0142900368534549
2015-01-01,"2015-Q1","self_self → self_only",1639.88200998246,13577286.9436843,0.012078127366567
2015-01-01,"2015-Q1","self_wage → self_only",1630.78380152373,13577286.9436843,0.0120111168622117
2015-01-01,"2015-Q1","wage_self → self_only",1600.33977298627,13577286.9436843,0.0117868892336455
2015-01-01,"2015-Q1","self_wage → wage_self",1120.854943874,13577286.9436843,0.00825536757470816
2015-01-01,"2015-Q1","wage_self → wage_wage",885.695186539589,13577286.9436843,0.00652335912331577
2015-01-01,"2015-Q1","self_self → wage_wage",795.566249055822,13577286.9436843,0.00585953771438774
2015-01-01,"2015-Q1","wage_only → self_self",548.383943810498,13577286.9436843,0.00403898029175549
2015-01-01,"2015-Q1","wage_self → self_wage",400.507682713078,13577286.9436843,0.00294983588675926
2015-04-01,"2015-Q2","No transition",9892948.91195145,13784844.0313141,71.7668541586563
2015-04-01,"2015-Q2","wage_only → self_wage",33053.6843700125,13784844.0313141,0.239782795473975
2015-04-01,"2015-Q2","wage_only → wage_wage",31058.6205530094,13784844.0313141,0.2253099163288
2015-04-01,"2015-Q2","self_wage → wage_only",16032.9891381734,13784844.0313141,0.116308817870934
2015-04-01,"2015-Q2","wage_only → wage_self",15272.2465245944,13784844.0313141,0.110790129289105
2015-04-01,"2015-Q2","wage_wage → wage_only",10379.6158376343,13784844.0313141,0.0752973034301703
2015-04-01,"2015-Q2","self_only → wage_wage",7628.96111163328,13784844.0313141,0.0553431079401629
2015-04-01,"2015-Q2","wage_only → self_only",7539.89976466262,13784844.0313141,0.054697026295943
2015-04-01,"2015-Q2","wage_self → wage_only",4888.99032881901,13784844.0313141,0.0354664174488519
2015-04-01,"2015-Q2","self_only → wage_only",3890.50955222182,13784844.0313141,0.028223094460728
2015-04-01,"2015-Q2","self_self → self_only",2642.72552212516,13784844.0313141,0.0191712399220612
2015-04-01,"2015-Q2","self_wage → wage_wage",2534.56126835625,13784844.0313141,0.0183865792213438
2015-04-01,"2015-Q2","wage_wage → self_wage",2531.40188526026,13784844.0313141,0.0183636599696728
2015-04-01,"2015-Q2","wage_wage → wage_self",1697.53058691404,13784844.0313141,0.0123144707554026
2015-04-01,"2015-Q2","self_wage → wage_self",1188.02147473669,13784844.0313141,0.00861831640632235
2015-04-01,"2015-Q2","self_only → self_self",1007.1770696994,13784844.0313141,0.00730640888944018
2015-04-01,"2015-Q2","wage_self → self_wage",607.358283462877,13784844.0313141,0.00440598589351596
2015-04-01,"2015-Q2","wage_self → self_only",338.080271942883,13784844.0313141,0.00245255057782945
2015-04-01,"2015-Q2","wage_wage → self_only",254.101904978785,13784844.0313141,0.00184334261890492
2015-07-01,"2015-Q3","No transition",9667990.1043071,13737267.7913053,70.3778236777642
2015-07-01,"2015-Q3","wage_only → wage_wage",34724.7854205195,13737267.7913053,0.252777961003992
2015-07-01,"2015-Q3","wage_only → self_wage",33302.7253009678,13737267.7913053,0.242426120003616
2015-07-01,"2015-Q3","self_wage → wage_only",25900.352919174,13737267.7913053,0.188540787823669
2015-07-01,"2015-Q3","wage_wage → wage_only",16250.7704546027,13737267.7913053,0.118296961968583
2015-07-01,"2015-Q3","self_only → wage_wage",10203.9346726654,13737267.7913053,0.0742792149624089
2015-07-01,"2015-Q3","self_only → wage_only",7844.35470825768,13737267.7913053,0.0571027283403664
2015-07-01,"2015-Q3","wage_only → wage_self",5422.91621948222,13737267.7913053,0.0394759445754894
2015-07-01,"2015-Q3","self_only → self_self",5353.6310049446,13737267.7913053,0.0389715850799173
2015-07-01,"2015-Q3","wage_self → wage_only",4785.48135738438,13737267.7913053,0.0348357579548188
2015-07-01,"2015-Q3","wage_wage → self_only",3900.01618829497,13737267.7913053,0.0283900426747407
2015-07-01,"2015-Q3","self_self → self_only",3823.48903645389,13737267.7913053,0.0278329657289923
2015-07-01,"2015-Q3","wage_only → self_only",3770.95246216461,13737267.7913053,0.0274505274225736
2015-07-01,"2015-Q3","self_wage → wage_wage",3075.70284310781,13737267.7913053,0.0223894801341393
2015-07-01,"2015-Q3","wage_wage → self_wage",2596.73837871184,13737267.7913053,0.0189028736875567
2015-07-01,"2015-Q3","wage_self → self_wage",2209.59180291112,13737267.7913053,0.0160846526141802
2015-07-01,"2015-Q3","wage_self → self_only",1614.37071355244,13737267.7913053,0.0117517597973465
2015-07-01,"2015-Q3","wage_wage → wage_self",883.048354566384,13737267.7913053,0.00642812215632349
2015-07-01,"2015-Q3","wage_self → wage_wage",570.513775488734,13737267.7913053,0.00415303671847927
2015-07-01,"2015-Q3","wage_wage → self_self",506.623600382784,13737267.7913053,0.00368795023930044
2015-10-01,"2015-Q4","No transition",9371300.86266621,13785218.322821,67.9807939432653
2015-10-01,"2015-Q4","wage_only → self_wage",37084.1744810038,13785218.322821,0.269014052679979
2015-10-01,"2015-Q4","wage_only → wage_wage",34760.7004271943,13785218.322821,0.252159230366696
2015-10-01,"2015-Q4","self_wage → wage_only",17853.6079998058,13785218.322821,0.129512696728565
2015-10-01,"2015-Q4","wage_wage → wage_only",14389.5405619943,13785218.322821,0.104383842352158
2015-10-01,"2015-Q4","wage_only → wage_self",13817.1669145736,13785218.322821,0.10023175978069
2015-10-01,"2015-Q4","self_only → wage_wage",12740.1089638494,13785218.322821,0.0924186230896213
2015-10-01,"2015-Q4","self_only → wage_only",7392.05225322584,13785218.322821,0.0536230336010604
2015-10-01,"2015-Q4","wage_only → self_only",6410.80146585791,13785218.322821,0.0465048961556527
2015-10-01,"2015-Q4","self_wage → wage_wage",5323.81347514085,13785218.322821,0.0386197254948616
2015-10-01,"2015-Q4","wage_self → wage_only",4420.71642625555,13785218.322821,0.0320685267562081
2015-10-01,"2015-Q4","self_only → self_self",4259.16347143147,13785218.322821,0.0308965978752804
2015-10-01,"2015-Q4","wage_wage → self_wage",3738.58430991647,13785218.322821,0.0271202401178323
2015-10-01,"2015-Q4","wage_wage → self_only",3267.96696053379,13785218.322821,0.023706312689468
2015-10-01,"2015-Q4","wage_self → self_only",2219.57989413081,13785218.322821,0.016101158807593
2015-10-01,"2015-Q4","self_self → self_only",1418.98486156445,13785218.322821,0.0102935247620661
2015-10-01,"2015-Q4","wage_self → wage_wage",777.858290024806,13785218.322821,0.00564269837306157
2015-10-01,"2015-Q4","self_wage → wage_self",689.220643500164,13785218.322821,0.00499970785634335
2015-10-01,"2015-Q4","wage_wage → wage_self",656.945286221333,13785218.322821,0.00476557767049493
2015-10-01,"2015-Q4","self_self → wage_wage",467.738675739531,13785218.322821,0.00339304510662122
2016-01-01,"2016-Q1","No transition",9566515.10126381,13745539.9456713,69.5972303676326
2016-01-01,"2016-Q1","wage_only → self_wage",42092.3884266044,13745539.9456713,0.306225791005467
2016-01-01,"2016-Q1","wage_only → wage_wage",35634.5780605081,13745539.9456713,0.259244658277175
2016-01-01,"2016-Q1","self_wage → wage_only",18942.0819278257,13745539.9456713,0.137805295409955
2016-01-01,"2016-Q1","wage_wage → wage_only",15231.4627567458,13745539.9456713,0.11081021783755
2016-01-01,"2016-Q1","wage_only → wage_self",12351.3850369951,13745539.9456713,0.0898574016431034
2016-01-01,"2016-Q1","self_only → wage_wage",9570.54488423053,13745539.9456713,0.0696265473896094
2016-01-01,"2016-Q1","self_only → self_self",7475.38409754047,13745539.9456713,0.0543840702299555
2016-01-01,"2016-Q1","wage_only → self_only",7066.60491696478,13745539.9456713,0.0514101660967503
2016-01-01,"2016-Q1","wage_wage → self_wage",5162.12193631819,13745539.9456713,0.0375548865793652
2016-01-01,"2016-Q1","self_only → wage_only",5122.32619369616,13745539.9456713,0.0372653690865688
2016-01-01,"2016-Q1","wage_wage → self_only",5065.05383019023,13745539.9456713,0.0368487076550623
2016-01-01,"2016-Q1","wage_self → wage_only",2550.79017411501,13745539.9456713,0.0185572206271773
2016-01-01,"2016-Q1","wage_self → self_only",1401.86952358684,13745539.9456713,0.0101987228521227
2016-01-01,"2016-Q1","self_self → self_only",1388.43874914363,13745539.9456713,0.0101010127985614
2016-01-01,"2016-Q1","wage_self → self_wage",1375.41381319904,13745539.9456713,0.010006255255416
2016-01-01,"2016-Q1","self_wage → wage_wage",1012.77982566515,13745539.9456713,0.00736806141969046
2016-01-01,"2016-Q1","wage_only → self_self",419.796800200934,13745539.9456713,0.00305405827533995
2016-01-01,"2016-Q1","self_only → wage_self",362.651120692316,13745539.9456713,0.00263831848094495
2016-01-01,"2016-Q1","wage_self → self_self",300.086262826002,13745539.9456713,0.00218315369212181
2016-04-01,"2016-Q2","No transition",10076919.1501653,13911503.9725614,72.4358715638562
2016-04-01,"2016-Q2","wage_only → self_wage",33776.2984271187,13911503.9725614,0.242794010581013
2016-04-01,"2016-Q2","wage_only → wage_wage",26900.2600409741,13911503.9725614,0.193367015486113
2016-04-01,"2016-Q2","self_wage → wage_only",20470.8450747142,13911503.9725614,0.147150481465485
2016-04-01,"2016-Q2","wage_wage → wage_only",18227.4184985593,13911503.9725614,0.131024068529977
2016-04-01,"2016-Q2","wage_only → wage_self",13169.7918971742,13911503.9725614,0.0946683545010649
2016-04-01,"2016-Q2","self_only → wage_wage",11724.2378074439,13911503.9725614,0.0842772846887614
2016-04-01,"2016-Q2","wage_only → self_only",8204.63782835082,13911503.9725614,0.0589773603525066
2016-04-01,"2016-Q2","wage_self → wage_only",6045.56917665914,13911503.9725614,0.0434573370972917
2016-04-01,"2016-Q2","self_only → wage_only",5899.42772837895,13911503.9725614,0.0424068291970069
2016-04-01,"2016-Q2","wage_wage → self_wage",4390.40597992856,13911503.9725614,0.0315595351055361
2016-04-01,"2016-Q2","self_only → self_self",2683.80841369663,13911503.9725614,0.0192920076721402
2016-04-01,"2016-Q2","wage_wage → self_only",2313.77470745013,13911503.9725614,0.0166320960840305
2016-04-01,"2016-Q2","self_wage → wage_wage",2109.39515369813,13911503.9725614,0.0151629554781326
2016-04-01,"2016-Q2","self_self → self_only",1912.57015089382,13911503.9725614,0.0137481192160539
2016-04-01,"2016-Q2","self_wage → self_only",1629.35653583517,13911503.9725614,0.0117122960899761
2016-04-01,"2016-Q2","wage_self → self_only",1406.11390394867,13911503.9725614,0.0101075621063118
2016-04-01,"2016-Q2","wage_wage → wage_self",974.276877971106,13911503.9725614,0.00700338999933247
2016-04-01,"2016-Q2","self_wage → wage_self",822.375060486084,13911503.9725614,0.00591147486359569
2016-04-01,"2016-Q2","wage_self → wage_wage",655.37873711693,13911503.9725614,0.00471105596066088
2016-04-01,"2016-Q2","wage_self → self_self",600.848833387679,13911503.9725614,0.0043190789045726
2016-04-01,"2016-Q2","self_only → wage_self",431.643275581802,13911503.9725614,0.00310277937190084
2016-04-01,"2016-Q2","wage_self → self_wage",324.699106202873,13911503.9725614,0.00233403309119775
2016-07-01,"2016-Q3","No transition",9856698.61854508,13941640.3492956,70.6997051393817
2016-07-01,"2016-Q3","wage_only → self_wage",38755.8474111861,13941640.3492956,0.277986280238136
2016-07-01,"2016-Q3","wage_only → wage_wage",31091.2568387152,13941640.3492956,0.223010033681481
2016-07-01,"2016-Q3","self_wage → wage_only",23643.6460655123,13941640.3492956,0.169590130523678
2016-07-01,"2016-Q3","wage_wage → wage_only",15171.112029404,13941640.3492956,0.108818701740291
2016-07-01,"2016-Q3","wage_only → self_only",11770.0197793425,13941640.3492956,0.084423493107374
2016-07-01,"2016-Q3","wage_only → wage_self",11625.2242252196,13941640.3492956,0.0833849097664242
2016-07-01,"2016-Q3","wage_self → wage_only",10570.9334909385,13941640.3492956,0.0758227384016014
2016-07-01,"2016-Q3","self_only → wage_wage",8737.98182092072,13941640.3492956,0.0626754212703685
2016-07-01,"2016-Q3","self_only → wage_only",7983.73633915413,13941640.3492956,0.0572654016251214
2016-07-01,"2016-Q3","self_only → self_self",4222.92025103556,13941640.3492956,0.0302899812736089
2016-07-01,"2016-Q3","wage_wage → self_wage",2751.66312526383,13941640.3492956,0.0197370112578098
2016-07-01,"2016-Q3","self_self → self_only",2578.74469786327,13941640.3492956,0.018496709377484
2016-07-01,"2016-Q3","wage_wage → self_only",1992.7009156575,13941640.3492956,0.0142931596693941
2016-07-01,"2016-Q3","wage_wage → wage_self",1563.29210478647,13941640.3492956,0.0112131145662888
2016-07-01,"2016-Q3","wage_self → self_only",1298.36005562512,13941640.3492956,0.00931282132586867
2016-07-01,"2016-Q3","self_only → wage_self",836.57031654959,13941640.3492956,0.00600051568961794
2016-07-01,"2016-Q3","self_self → wage_only",692.589788950417,13941640.3492956,0.00496777833596466
2016-07-01,"2016-Q3","self_wage → wage_wage",551.905632554482,13941640.3492956,0.00395868505231069
2016-07-01,"2016-Q3","wage_self → self_wage",441.191077860195,13941640.3492956,0.00316455644247403
2016-07-01,"2016-Q3","wage_wage → self_self",345.120640085104,13941640.3492956,0.00247546652645175
2016-07-01,"2016-Q3","self_wage → self_only",275.088499580806,13941640.3492956,0.001973142992422
2016-10-01,"2016-Q4","No transition",9558928.86012424,13883968.6941974,68.8486777135937
2016-10-01,"2016-Q4","wage_only → self_wage",37811.1780856903,13883968.6941974,0.272336958678773
2016-10-01,"2016-Q4","wage_only → wage_wage",29553.6626201911,13883968.6941974,0.212861778005467
2016-10-01,"2016-Q4","self_wage → wage_only",22446.1739916805,13883968.6941974,0.161669724889696
2016-10-01,"2016-Q4","wage_wage → wage_only",20590.8949336825,13883968.6941974,0.148306981866706
2016-10-01,"2016-Q4","wage_only → wage_self",15942.6234730066,13883968.6941974,0.114827567132657
2016-10-01,"2016-Q4","self_only → wage_wage",13308.6712289265,13883968.6941974,0.0958563903596857
2016-10-01,"2016-Q4","self_only → wage_only",7256.85861194895,13883968.6941974,0.0522678981189423
2016-10-01,"2016-Q4","wage_self → wage_only",6649.29172638729,13883968.6941974,0.0478918663160502
2016-10-01,"2016-Q4","wage_only → self_only",5722.10425726131,13883968.6941974,0.0412137507890865
2016-10-01,"2016-Q4","self_only → self_self",4845.38327107776,13883968.6941974,0.0348991227061957
2016-10-01,"2016-Q4","wage_wage → self_only",3537.27500170719,13883968.6941974,0.0254774054855478
2016-10-01,"2016-Q4","wage_wage → self_wage",3389.57287982069,13883968.6941974,0.0244135733411536
2016-10-01,"2016-Q4","self_wage → wage_wage",3234.33073022128,13883968.6941974,0.0232954337585982
2016-10-01,"2016-Q4","self_self → self_only",1735.95664575806,13883968.6941974,0.0125033171998117
2016-10-01,"2016-Q4","self_self → wage_only",1599.94988040903,13883968.6941974,0.0115237214635733
2016-10-01,"2016-Q4","wage_self → self_only",1486.62736668694,13883968.6941974,0.0107075102186614
2016-10-01,"2016-Q4","wage_self → self_wage",523.186126368564,13883968.6941974,0.00376827503642543
2016-10-01,"2016-Q4","wage_wage → wage_self",219.120274431251,13883968.6941974,0.00157822506847648
2017-01-01,"2017-Q1","No transition",9659031.36917152,13808288.6662765,69.9509664275882
2017-01-01,"2017-Q1","wage_only → self_wage",39072.7943922721,13808288.6662765,0.282966233807802
2017-01-01,"2017-Q1","wage_only → wage_wage",30861.3955281044,13808288.6662765,0.223499061136202
2017-01-01,"2017-Q1","wage_only → wage_self",15395.9189252516,13808288.6662765,0.111497661276828
2017-01-01,"2017-Q1","self_wage → wage_only",13761.2802128864,13808288.6662765,0.0996595635090907
2017-01-01,"2017-Q1","wage_wage → wage_only",11287.072909037,13808288.6662765,0.0817412872936456
2017-01-01,"2017-Q1","wage_only → self_only",9421.06156680951,13808288.6662765,0.0682275826824091
2017-01-01,"2017-Q1","wage_wage → self_only",8228.79005372453,13808288.6662765,0.0595931201367584
2017-01-01,"2017-Q1","self_only → wage_only",7496.15249929081,13808288.6662765,0.0542873391515809
2017-01-01,"2017-Q1","self_only → wage_wage",6509.40063673707,13808288.6662765,0.0471412554738572
2017-01-01,"2017-Q1","wage_self → wage_only",5435.58826916766,13808288.6662765,0.0393646772640466
2017-01-01,"2017-Q1","self_only → self_self",5181.86438362759,13808288.6662765,0.0375272020223845
2017-01-01,"2017-Q1","wage_wage → self_wage",4177.63665137449,13808288.6662765,0.0302545576236206
2017-01-01,"2017-Q1","self_only → wage_self",2364.55076665922,13808288.6662765,0.0171241406071853
2017-01-01,"2017-Q1","self_wage → wage_wage",1960.53623904421,13808288.6662765,0.0141982564706397
2017-01-01,"2017-Q1","self_self → self_only",1600.76918968857,13808288.6662765,0.0115928137684293
2017-01-01,"2017-Q1","wage_self → self_only",1328.72777442651,13808288.6662765,0.00962268248107835
2017-01-01,"2017-Q1","self_wage → wage_self",422.563009307377,13808288.6662765,0.00306021274265064
2017-04-01,"2017-Q2","No transition",9890787.50318092,14150793.0550825,69.8956409346151
2017-04-01,"2017-Q2","wage_only → self_wage",34321.8207119225,14150793.0550825,0.242543443171867
2017-04-01,"2017-Q2","wage_only → wage_wage",27839.3362366162,14150793.0550825,0.196733399522207
2017-04-01,"2017-Q2","self_wage → wage_only",26030.4681116622,14150793.0550825,0.183950595633316
2017-04-01,"2017-Q2","wage_wage → wage_only",16543.5470384234,14150793.0550825,0.116908974458371
2017-04-01,"2017-Q2","wage_only → wage_self",12007.8759826548,14150793.0550825,0.0848565584692932
2017-04-01,"2017-Q2","wage_only → self_only",8968.59494724771,14150793.0550825,0.0633787443031433
2017-04-01,"2017-Q2","self_only → self_self",8905.14426151035,14150793.0550825,0.0629303546935266
2017-04-01,"2017-Q2","self_only → wage_only",8295.65826707072,14150793.0550825,0.0586232745739377
2017-04-01,"2017-Q2","self_only → wage_wage",7527.80145489617,14150793.0550825,0.0531970287855522
2017-04-01,"2017-Q2","wage_self → self_only",6652.68856481346,14150793.0550825,0.0470128319940629
2017-04-01,"2017-Q2","wage_self → wage_only",4540.84082689493,14150793.0550825,0.0320889494265059
2017-04-01,"2017-Q2","wage_wage → self_only",3133.23123744068,14150793.0550825,0.0221417359807642
2017-04-01,"2017-Q2","wage_wage → self_wage",2418.93566579203,14150793.0550825,0.0170939936466899
2017-04-01,"2017-Q2","wage_wage → wage_self",1758.1599154215,14150793.0550825,0.0124244620677993
2017-04-01,"2017-Q2","self_self → self_only",1057.61416822124,14150793.0550825,0.00747388619213377
2017-04-01,"2017-Q2","self_wage → wage_wage",996.251079337236,14150793.0550825,0.00704024909034631
2017-04-01,"2017-Q2","self_wage → self_only",653.026500980093,14150793.0550825,0.00461476963473469
2017-04-01,"2017-Q2","wage_self → self_self",457.091512724696,14150793.0550825,0.00323014767402399
2017-07-01,"2017-Q3","No transition",9852348.53656479,14122967.5669663,69.761177952497
2017-07-01,"2017-Q3","wage_only → self_wage",36432.9524496405,14122967.5669663,0.257969525716801
2017-07-01,"2017-Q3","self_wage → wage_only",25461.1321603975,14122967.5669663,0.180281743476854
2017-07-01,"2017-Q3","wage_only → wage_wage",22761.82810648,14122967.5669663,0.161168876148382
2017-07-01,"2017-Q3","wage_wage → wage_only",13087.5331022303,14122967.5669663,0.0926684355831992
2017-07-01,"2017-Q3","wage_only → wage_self",10531.6868918388,14122967.5669663,0.074571345164542
2017-07-01,"2017-Q3","wage_self → wage_only",7330.00172993435,14122967.5669663,0.0519012855844778
2017-07-01,"2017-Q3","self_only → wage_wage",6572.2176181251,14122967.5669663,0.0465356702616634
2017-07-01,"2017-Q3","wage_wage → self_only",6088.26739212148,14122967.5669663,0.0431089809082475
2017-07-01,"2017-Q3","wage_only → self_only",5005.69017652538,14122967.5669663,0.0354436144725965
2017-07-01,"2017-Q3","self_only → self_self",3937.80252633805,14122967.5669663,0.027882259926367
2017-07-01,"2017-Q3","self_only → wage_only",3906.09346814588,14122967.5669663,0.0276577387126645
2017-07-01,"2017-Q3","self_wage → self_only",3019.09008028739,14122967.5669663,0.0213771650042521
2017-07-01,"2017-Q3","wage_self → self_only",2798.17392726676,14122967.5669663,0.019812931765217
2017-07-01,"2017-Q3","self_wage → wage_wage",2643.31061743678,14122967.5669663,0.0187163965710684
2017-07-01,"2017-Q3","wage_wage → self_wage",2613.0016450762,14122967.5669663,0.0185017888958977
2017-07-01,"2017-Q3","wage_wage → wage_self",1868.18050332436,14122967.5669663,0.0132279600194937
2017-07-01,"2017-Q3","self_self → wage_self",1583.09823831855,14122967.5669663,0.0112093880468962
2017-07-01,"2017-Q3","self_self → self_only",877.527184971607,14122967.5669663,0.00621347589173927
2017-07-01,"2017-Q3","self_only → wage_self",734.00299145476,14122967.5669663,0.00519722917987574
2017-07-01,"2017-Q3","self_wage → wage_self",619.491315758754,14122967.5669663,0.00438641038309645
2017-07-01,"2017-Q3","self_self → wage_wage",408.054229395413,14122967.5669663,0.00288929523813291
2017-10-01,"2017-Q4","No transition",9663038.308711,14270124.3486724,67.7151654225776
2017-10-01,"2017-Q4","wage_only → self_wage",31565.5348791704,14270124.3486724,0.221200138890921
2017-10-01,"2017-Q4","wage_only → wage_wage",28844.9281291163,14270124.3486724,0.202135086032379
2017-10-01,"2017-Q4","self_wage → wage_only",22629.5192545713,14270124.3486724,0.158579692101118
2017-10-01,"2017-Q4","wage_wage → wage_only",16820.2693924435,14270124.3486724,0.117870517323196
2017-10-01,"2017-Q4","wage_only → wage_self",14845.0510976558,14270124.3486724,0.104028883946179
2017-10-01,"2017-Q4","wage_only → self_only",8157.32423553799,14270124.3486724,0.0571636520903682
2017-10-01,"2017-Q4","self_only → wage_wage",7122.91530214074,14270124.3486724,0.0499148790024624
2017-10-01,"2017-Q4","self_only → wage_only",6335.46752101242,14270124.3486724,0.0443967225947954
2017-10-01,"2017-Q4","self_wage → wage_wage",5410.5916523547,14270124.3486724,0.0379155186048402
2017-10-01,"2017-Q4","self_only → self_self",3936.47090548917,14270124.3486724,0.0275854001640526
2017-10-01,"2017-Q4","wage_self → wage_only",3918.91228412988,14270124.3486724,0.0274623555364777
2017-10-01,"2017-Q4","wage_wage → self_only",3119.40757828948,14270124.3486724,0.0218597084515224
2017-10-01,"2017-Q4","wage_self → wage_wage",2751.32291066424,14270124.3486724,0.0192803008820327
2017-10-01,"2017-Q4","wage_wage → self_wage",1392.69789683279,14270124.3486724,0.00975953581625491
2017-10-01,"2017-Q4","self_self → self_only",1229.84274826307,14270124.3486724,0.00861830435540314
2017-10-01,"2017-Q4","wage_self → self_wage",989.814140132078,14270124.3486724,0.0069362685001702
2017-10-01,"2017-Q4","self_self → wage_only",735.686795620105,14270124.3486724,0.00515543367138599
2017-10-01,"2017-Q4","wage_self → self_only",631.907428191954,14270124.3486724,0.0044281844555247
2017-10-01,"2017-Q4","self_wage → self_only",209.187457325134,14270124.3486724,0.00146591194452063
2018-01-01,"2018-Q1","No transition",9925690.95448807,14541659.2345021,68.2569354323612
2018-01-01,"2018-Q1","wage_only → self_wage",38541.1694729669,14541659.2345021,0.265039696305926
2018-01-01,"2018-Q1","wage_only → wage_wage",30842.8951060189,14541659.2345021,0.212100246668138
2018-01-01,"2018-Q1","self_wage → wage_only",19846.1597671914,14541659.2345021,0.136477959269625
2018-01-01,"2018-Q1","wage_only → wage_self",11941.7662245043,14541659.2345021,0.0821210704495871
2018-01-01,"2018-Q1","wage_only → self_only",11192.6286242247,14541659.2345021,0.0769694052358805
2018-01-01,"2018-Q1","wage_wage → wage_only",10994.0816108937,14541659.2345021,0.0756040382572623
2018-01-01,"2018-Q1","self_only → wage_wage",10870.9011010534,14541659.2345021,0.0747569512237
2018-01-01,"2018-Q1","wage_self → wage_only",9371.54461023976,14541659.2345021,0.0644461849855792
2018-01-01,"2018-Q1","self_only → self_self",6098.2150862903,14541659.2345021,0.0419361710238777
2018-01-01,"2018-Q1","self_wage → wage_wage",5184.92639497517,14541659.2345021,0.0356556725155079
2018-01-01,"2018-Q1","self_only → wage_only",5136.81531267347,14541659.2345021,0.0353248224967731
2018-01-01,"2018-Q1","wage_wage → self_only",2756.0104615124,14541659.2345021,0.0189525171582442
2018-01-01,"2018-Q1","wage_self → self_only",2375.66373431367,14541659.2345021,0.0163369509352625
2018-01-01,"2018-Q1","wage_wage → self_wage",1503.88239426485,14541659.2345021,0.0103418899453832
2018-01-01,"2018-Q1","self_self → self_only",1437.1568746293,14541659.2345021,0.00988303226924369
2018-01-01,"2018-Q1","wage_self → wage_wage",621.275610409529,14541659.2345021,0.00427238460474626
2018-01-01,"2018-Q1","self_self → self_wage",567.196225473129,14541659.2345021,0.00390049179620011
2018-01-01,"2018-Q1","self_self → wage_wage",483.535112473795,14541659.2345021,0.00332517152737661
2018-01-01,"2018-Q1","self_only → wage_self",269.215252068418,14541659.2345021,0.00185133792318327
2018-01-01,"2018-Q1","wage_wage → wage_self",268.52989877753,14541659.2345021,0.00184662488954773
2018-01-01,"2018-Q1","self_wage → wage_self",256.571307541418,14541659.2345021,0.00176438811695345
2018-04-01,"2018-Q2","No transition",10644264.7333945,14725883.6402676,72.2826894019994
2018-04-01,"2018-Q2","wage_only → wage_wage",30297.2470684968,14725883.6402676,0.205741453678539
2018-04-01,"2018-Q2","wage_only → self_wage",29503.9668448707,14725883.6402676,0.200354474920559
2018-04-01,"2018-Q2","self_wage → wage_only",19929.5379972927,14725883.6402676,0.135336788502089
2018-04-01,"2018-Q2","self_only → wage_wage",10198.1823063716,14725883.6402676,0.0692534489304594
2018-04-01,"2018-Q2","wage_only → wage_self",9997.056833074,14725883.6402676,0.0678876533136337
2018-04-01,"2018-Q2","wage_self → wage_only",7902.75415941869,14725883.6402676,0.053665738182317
2018-04-01,"2018-Q2","wage_wage → wage_only",7166.32879729723,14725883.6402676,0.048664847369166
2018-04-01,"2018-Q2","wage_only → self_only",6791.32478733207,14725883.6402676,0.0461182836509813
2018-04-01,"2018-Q2","self_only → self_self",6307.212247474,14725883.6402676,0.042830789659556
2018-04-01,"2018-Q2","self_only → wage_only",5731.19083842561,14725883.6402676,0.0389191642310264
2018-04-01,"2018-Q2","self_wage → wage_wage",5380.92809563035,14725883.6402676,0.0365406126184259
2018-04-01,"2018-Q2","wage_wage → self_only",4142.28634614445,14725883.6402676,0.0281292888585473
2018-04-01,"2018-Q2","wage_wage → self_wage",3288.13113659712,14725883.6402676,0.0223289224397088
2018-04-01,"2018-Q2","wage_wage → wage_self",2835.75134177033,14725883.6402676,0.0192569180298018
2018-04-01,"2018-Q2","wage_self → self_only",1803.42910675816,14725883.6402676,0.0122466613944084
2018-04-01,"2018-Q2","self_self → self_only",683.367658609797,14725883.6402676,0.00464058847199595
2018-04-01,"2018-Q2","wage_self → self_wage",615.38796887452,14725883.6402676,0.00417895444448409
2018-04-01,"2018-Q2","self_wage → wage_self",606.772270906684,14725883.6402676,0.0041204472731774
2018-04-01,"2018-Q2","self_self → wage_only",562.889486944127,14725883.6402676,0.00382244964509238
2018-07-01,"2018-Q3","No transition",10258196.6792486,14647547.6523303,70.0335436534088
2018-07-01,"2018-Q3","wage_only → self_wage",31800.2433281999,14647547.6523303,0.217102849453033
2018-07-01,"2018-Q3","wage_only → wage_wage",24563.0574038316,14647547.6523303,0.16769399210607
2018-07-01,"2018-Q3","self_wage → wage_only",22832.9215335957,14647547.6523303,0.1558822137026
2018-07-01,"2018-Q3","wage_wage → wage_only",14854.6047968875,14647547.6523303,0.101413595978466
2018-07-01,"2018-Q3","self_only → wage_wage",11029.5740488438,14647547.6523303,0.0752997997387573
2018-07-01,"2018-Q3","wage_only → wage_self",10781.1280081666,14647547.6523303,0.0736036383977996
2018-07-01,"2018-Q3","wage_wage → self_only",7503.30072768487,14647547.6523303,0.0512256447685369
2018-07-01,"2018-Q3","wage_wage → self_wage",5596.80972906658,14647547.6523303,0.0382098755498924
2018-07-01,"2018-Q3","self_only → wage_only",5284.43169703681,14647547.6523303,0.0360772453004862
2018-07-01,"2018-Q3","wage_self → wage_only",4485.53792398413,14647547.6523303,0.0306231324891476
2018-07-01,"2018-Q3","wage_only → self_only",4418.23830381986,14647547.6523303,0.0301636725047074
2018-07-01,"2018-Q3","self_wage → wage_wage",3531.30782317483,14647547.6523303,0.0241085259252461
2018-07-01,"2018-Q3","self_only → self_self",3318.67433053569,14647547.6523303,0.0226568597645608
2018-07-01,"2018-Q3","self_self → self_only",3250.53095019386,14647547.6523303,0.022191639360714
2018-07-01,"2018-Q3","wage_self → self_only",3236.55354452546,14647547.6523303,0.0220962144745817
2018-07-01,"2018-Q3","wage_wage → wage_self",2672.71758131713,14647547.6523303,0.0182468604626244
2018-07-01,"2018-Q3","wage_self → wage_wage",1490.33168364156,14647547.6523303,0.0101746157037042
2018-07-01,"2018-Q3","self_self → wage_only",950.795923436463,14647547.6523303,0.0064911611554662
2018-07-01,"2018-Q3","self_self → wage_self",912.507742547244,14647547.6523303,0.0062297646282248
2018-07-01,"2018-Q3","self_wage → self_only",902.37032879882,14647547.6523303,0.00616055567947077
2018-07-01,"2018-Q3","self_wage → wage_self",743.935863027306,14647547.6523303,0.00507891068651996
2018-07-01,"2018-Q3","wage_wage → self_self",687.291072670768,14647547.6523303,0.00469219209238365
2018-10-01,"2018-Q4","No transition",10037686.0247832,14730865.7133255,68.1405032136236
2018-10-01,"2018-Q4","wage_only → self_wage",33854.1452922617,14730865.7133255,0.22981775783644
2018-10-01,"2018-Q4","wage_only → wage_wage",22329.7992157847,14730865.7133255,0.151585111495417
2018-10-01,"2018-Q4","self_wage → wage_only",20766.1226050795,14730865.7133255,0.140970143976633
2018-10-01,"2018-Q4","wage_wage → wage_only",18638.1193557461,14730865.7133255,0.126524263532496
2018-10-01,"2018-Q4","self_only → wage_wage",14250.4995022103,14730865.7133255,0.096739049690198
2018-10-01,"2018-Q4","wage_only → wage_self",11433.3356953427,14730865.7133255,0.077614825345941
2018-10-01,"2018-Q4","self_wage → wage_wage",7277.54991369949,14730865.7133255,0.0494034095166329
2018-10-01,"2018-Q4","wage_only → self_only",6871.97760753045,14730865.7133255,0.0466501951838041
2018-10-01,"2018-Q4","self_only → self_self",5886.97569810361,14730865.7133255,0.0399635419443017
2018-10-01,"2018-Q4","wage_wage → self_wage",4329.89373865615,14730865.7133255,0.0293933419998482
2018-10-01,"2018-Q4","self_only → wage_only",4027.89599979856,14730865.7133255,0.0273432402289495
2018-10-01,"2018-Q4","wage_self → self_only",4011.64121737758,14730865.7133255,0.0272328951702319
2018-10-01,"2018-Q4","wage_self → wage_only",3903.22840699128,14730865.7133255,0.0264969383534629
2018-10-01,"2018-Q4","wage_wage → self_only",3571.58262644637,14730865.7133255,0.0242455718214546
2018-10-01,"2018-Q4","self_self → self_only",3476.24039944478,14730865.7133255,0.0235983442324111
2018-10-01,"2018-Q4","wage_wage → wage_self",985.188809046901,14730865.7133255,0.00668792200145915
2018-10-01,"2018-Q4","self_wage → wage_self",646.178140186129,14730865.7133255,0.00438655916604817
2018-10-01,"2018-Q4","self_self → wage_self",395.996510849198,14730865.7133255,0.00268820935955569
2019-01-01,"2019-Q1","No transition",10287766.9452722,14672491.7188612,70.1160180724277
2019-01-01,"2019-Q1","wage_only → self_wage",35675.2808114972,14672491.7188612,0.243143983278841
2019-01-01,"2019-Q1","wage_only → wage_wage",28044.0714922248,14672491.7188612,0.191133667202379
2019-01-01,"2019-Q1","wage_wage → wage_only",24008.9505501173,14672491.7188612,0.163632401436316
2019-01-01,"2019-Q1","self_wage → wage_only",19159.9624222614,14672491.7188612,0.130584244240068
2019-01-01,"2019-Q1","wage_only → self_only",16187.9072617042,14672491.7188612,0.110328276695464
2019-01-01,"2019-Q1","wage_only → wage_self",11955.2867172474,14672491.7188612,0.0814809573337779
2019-01-01,"2019-Q1","wage_wage → self_wage",6679.66641713298,14672491.7188612,0.0455250992477739
2019-01-01,"2019-Q1","wage_self → wage_only",6659.74955591535,14672491.7188612,0.0453893563787422
2019-01-01,"2019-Q1","self_only → wage_only",6573.10724320065,14672491.7188612,0.0447988478654313
2019-01-01,"2019-Q1","self_only → wage_wage",4980.79699867184,14672491.7188612,0.0339464972556032
2019-01-01,"2019-Q1","wage_self → self_only",3962.40978711545,14672491.7188612,0.0270057047094587
2019-01-01,"2019-Q1","wage_wage → self_only",3451.79266664924,14672491.7188612,0.0235256065076665
2019-01-01,"2019-Q1","self_only → self_self",3293.20211692151,14672491.7188612,0.0224447365861394
2019-01-01,"2019-Q1","self_wage → wage_wage",2858.39415864771,14672491.7188612,0.0194813138314694
2019-01-01,"2019-Q1","wage_wage → wage_self",1861.7293277424,14672491.7188612,0.0126885696268561
2019-01-01,"2019-Q1","self_only → wage_self",1683.30254731757,14672491.7188612,0.0114725063715913
2019-01-01,"2019-Q1","wage_self → wage_wage",1333.02391052038,14672491.7188612,0.00908519109134546
2019-01-01,"2019-Q1","wage_self → self_self",742.055721980817,14672491.7188612,0.00505746219660099
2019-01-01,"2019-Q1","self_wage → wage_self",615.626677257726,14672491.7188612,0.00419578820730462
2019-01-01,"2019-Q1","self_self → self_only",504.451949940456,14672491.7188612,0.00343807963641235
2019-01-01,"2019-Q1","self_only → self_wage",426.393031437856,14672491.7188612,0.00290607103147815
2019-04-01,"2019-Q2","No transition",10457223.0715777,14752008.4686768,70.8867751383257
2019-04-01,"2019-Q2","wage_only → self_wage",34757.611635532,14752008.4686768,0.235612741880765
2019-04-01,"2019-Q2","wage_only → wage_wage",30331.647120717,14752008.4686768,0.205610288152428
2019-04-01,"2019-Q2","self_wage → wage_only",16932.8911939149,14752008.4686768,0.114783632546502
2019-04-01,"2019-Q2","wage_only → wage_self",16131.8696187977,14752008.4686768,0.109353717177229
2019-04-01,"2019-Q2","wage_wage → wage_only",12564.0272661868,14752008.4686768,0.0851682487361921
2019-04-01,"2019-Q2","self_only → self_self",7957.91493510347,14752008.4686768,0.0539446201647772
2019-04-01,"2019-Q2","self_only → wage_wage",7719.65730181122,14752008.4686768,0.0523295340983738
2019-04-01,"2019-Q2","wage_only → self_only",6978.14161526039,14752008.4686768,0.0473029935556043
2019-04-01,"2019-Q2","wage_wage → self_wage",6184.15803300933,14752008.4686768,0.0419207868958336
2019-04-01,"2019-Q2","self_only → wage_only",6151.22803714493,14752008.4686768,0.0416975630823826
2019-04-01,"2019-Q2","wage_self → wage_only",3910.9318606724,14752008.4686768,0.0265111823178285
2019-04-01,"2019-Q2","wage_wage → wage_self",2606.45253442011,14752008.4686768,0.0176684587726101
2019-04-01,"2019-Q2","wage_wage → self_only",2215.23095345231,14752008.4686768,0.0150164701854391
2019-04-01,"2019-Q2","wage_self → self_only",2127.713510536,14752008.4686768,0.0144232123717514
2019-04-01,"2019-Q2","self_self → self_only",1895.17233381314,14752008.4686768,0.0128468766665718
2019-04-01,"2019-Q2","self_wage → wage_wage",1453.10195592299,14752008.4686768,0.00985019740876903
2019-04-01,"2019-Q2","self_only → wage_self",556.95553042076,14752008.4686768,0.00377545560391559
2019-04-01,"2019-Q2","self_only → self_wage",378.723740001764,14752008.4686768,0.00256726899802095
2019-07-01,"2019-Q3","No transition",10178758.663191,14674924.4042205,69.3615747707949
2019-07-01,"2019-Q3","wage_only → wage_wage",33030.8921933112,14674924.4042205,0.22508390015155
2019-07-01,"2019-Q3","wage_only → self_wage",31250.3685010735,14674924.4042205,0.212950797157673
2019-07-01,"2019-Q3","self_wage → wage_only",26477.8010898269,14674924.4042205,0.180428875546451
2019-07-01,"2019-Q3","wage_wage → wage_only",15603.7498803124,14674924.4042205,0.106329337381968
2019-07-01,"2019-Q3","wage_only → wage_self",10092.8590260363,14674924.4042205,0.0687762249946142
2019-07-01,"2019-Q3","wage_self → self_only",6743.56110475265,14674924.4042205,0.0459529529352342
2019-07-01,"2019-Q3","wage_only → self_only",6712.74541678519,14674924.4042205,0.0457429642012643
2019-07-01,"2019-Q3","wage_self → wage_only",6125.89579502412,14674924.4042205,0.0417439683250587
2019-07-01,"2019-Q3","self_only → wage_wage",5275.63413443645,14674924.4042205,0.0359499918985557
2019-07-01,"2019-Q3","self_only → self_self",5216.68483858141,14674924.4042205,0.0355482910500111
2019-07-01,"2019-Q3","self_self → self_only",4348.96065265454,14674924.4042205,0.0296353189485853
2019-07-01,"2019-Q3","self_only → wage_only",4297.54270043352,14674924.4042205,0.0292849392750367
2019-07-01,"2019-Q3","wage_wage → wage_self",2982.33416494227,14674924.4042205,0.0203226543646423
2019-07-01,"2019-Q3","wage_wage → self_only",2813.57273078667,14674924.4042205,0.019172655703613
2019-07-01,"2019-Q3","wage_wage → self_wage",1945.89659997404,14674924.4042205,0.0132600110663221
2019-07-01,"2019-Q3","self_self → wage_only",1769.63219326814,14674924.4042205,0.0120588845606536
2019-07-01,"2019-Q3","self_self → wage_self",911.802578204042,14674924.4042205,0.00621333748023811
2019-07-01,"2019-Q3","wage_wage → self_self",642.000980980283,14674924.4042205,0.00437481627364052
2019-07-01,"2019-Q3","wage_self → wage_wage",574.667760210857,14674924.4042205,0.00391598446698357
2019-07-01,"2019-Q3","self_wage → wage_wage",265.830832749523,14674924.4042205,0.00181146304694469
2019-10-01,"2019-Q4","No transition",10100292.7098036,14919636.893809,67.6979793924797
2019-10-01,"2019-Q4","wage_only → self_wage",41004.8390671605,14919636.893809,0.274838049739506
2019-10-01,"2019-Q4","wage_only → wage_wage",26521.9104553736,14919636.893809,0.17776512018452
2019-10-01,"2019-Q4","self_wage → wage_only",21464.2896030324,14919636.893809,0.143866032101218
2019-10-01,"2019-Q4","wage_only → wage_self",18783.1510453451,14919636.893809,0.125895497182906
2019-10-01,"2019-Q4","self_only → wage_wage",14487.6114179052,14919636.893809,0.0971043164188325
2019-10-01,"2019-Q4","wage_self → wage_only",10814.125363244,14919636.893809,0.0724824969951609
2019-10-01,"2019-Q4","wage_wage → wage_only",9759.60777475409,14919636.893809,0.0654145127272093
2019-10-01,"2019-Q4","self_only → self_self",9472.12887818327,14919636.893809,0.0634876635778837
2019-10-01,"2019-Q4","wage_only → self_only",8680.82558218802,14919636.893809,0.058183893106609
2019-10-01,"2019-Q4","self_wage → wage_wage",5112.34223146464,14919636.893809,0.034265862285067
2019-10-01,"2019-Q4","wage_wage → self_only",3815.45473780133,14919636.893809,0.025573375310391
2019-10-01,"2019-Q4","wage_wage → self_wage",3673.43300104145,14919636.893809,0.0246214638277542
2019-10-01,"2019-Q4","self_self → self_only",2064.37602201057,14919636.893809,0.0138366371561442
2019-10-01,"2019-Q4","wage_self → self_only",1538.85942255219,14919636.893809,0.010314322215112
2019-10-01,"2019-Q4","self_only → wage_only",1363.9663661044,14919636.893809,0.00914208821442825
2019-10-01,"2019-Q4","self_self → wage_only",863.927975124843,14919636.893809,0.00579054290177354
2019-10-01,"2019-Q4","wage_self → self_self",679.73858061849,14919636.893809,0.00455599948883845
2019-10-01,"2019-Q4","wage_self → self_wage",320.709152443824,14919636.893809,0.00214957746442814
2019-10-01,"2019-Q4","self_wage → self_only",27.5472427387686,14919636.893809,0.000184637487727329
2020-01-01,"2020-Q1","No transition",10458749.9872207,14773924.9518606,70.7919528581576
2020-01-01,"2020-Q1","wage_only → self_wage",39090.2040933872,14773924.9518606,0.264589161111613
2020-01-01,"2020-Q1","wage_only → wage_wage",30643.4188046892,14773924.9518606,0.207415557507824
2020-01-01,"2020-Q1","self_wage → wage_only",23939.6234024849,14773924.9518606,0.162039698187786
2020-01-01,"2020-Q1","wage_only → wage_self",18863.8157027797,14773924.9518606,0.127683169937885
2020-01-01,"2020-Q1","self_only → wage_wage",17173.0316394954,14773924.9518606,0.116238790270372
2020-01-01,"2020-Q1","wage_only → self_only",12536.4481980675,14773924.9518606,0.0848552313546761
2020-01-01,"2020-Q1","wage_wage → wage_only",10600.6729558442,14773924.9518606,0.0717525843023125
2020-01-01,"2020-Q1","self_only → self_self",9818.04588000575,14773924.9518606,0.0664552304955989
2020-01-01,"2020-Q1","self_only → wage_only",9018.27782484371,14773924.9518606,0.0610418548505485
2020-01-01,"2020-Q1","wage_wage → self_only",8895.81140373407,14773924.9518606,0.0602129185894758
2020-01-01,"2020-Q1","wage_self → wage_only",8084.83075785186,14773924.9518606,0.0547236484833617
2020-01-01,"2020-Q1","wage_wage → self_wage",4622.12093797183,14773924.9518606,0.0312856668287714
2020-01-01,"2020-Q1","self_wage → wage_wage",3276.91708584648,14773924.9518606,0.022180409718636
2020-01-01,"2020-Q1","wage_self → self_only",2280.20955445013,14773924.9518606,0.0154340133842562
2020-01-01,"2020-Q1","wage_self → wage_wage",1060.71827827649,14773924.9518606,0.00717966472506618
2020-01-01,"2020-Q1","self_wage → wage_self",847.813579119235,14773924.9518606,0.00573858051859444
2020-01-01,"2020-Q1","wage_only → self_self",498.019636797437,14773924.9518606,0.00337093655491134
2020-01-01,"2020-Q1","wage_wage → wage_self",425.957162137688,14773924.9518606,0.00288316857927482
2020-04-01,"2020-Q2","No transition",10454060.8740665,14580503.0465445,71.6989039451831
2020-04-01,"2020-Q2","self_wage → wage_only",35268.5493689506,14580503.0465445,0.241888426320853
2020-04-01,"2020-Q2","wage_only → wage_wage",23856.4857784365,14580503.0465445,0.163619085722082
2020-04-01,"2020-Q2","wage_only → self_wage",21680.0737895332,14580503.0465445,0.148692220839878
2020-04-01,"2020-Q2","wage_wage → wage_only",16757.9401059996,14580503.0465445,0.114933895301857
2020-04-01,"2020-Q2","wage_only → wage_self",12492.052086867,14580503.0465445,0.0856764135434104
2020-04-01,"2020-Q2","wage_only → self_only",9075.81247765789,14580503.0465445,0.062246223252282
2020-04-01,"2020-Q2","self_only → wage_only",8791.36121063543,14580503.0465445,0.0602953216536581
2020-04-01,"2020-Q2","self_only → wage_wage",7399.83439567303,14580503.0465445,0.0507515712733021
2020-04-01,"2020-Q2","wage_self → wage_only",7078.49676810951,14580503.0465445,0.0485476855326131
2020-04-01,"2020-Q2","self_only → self_self",5250.9015503563,14580503.0465445,0.0360131713809471
2020-04-01,"2020-Q2","wage_wage → self_wage",3806.54613995355,14580503.0465445,0.0261070974561175
2020-04-01,"2020-Q2","self_self → self_only",1957.1995190958,14580503.0465445,0.0134234018733643
2020-04-01,"2020-Q2","self_only → wage_self",1930.79093497772,14580503.0465445,0.0132422792877184
2020-04-01,"2020-Q2","wage_self → self_wage",1687.87720550116,14580503.0465445,0.011576261807381
2020-04-01,"2020-Q2","wage_wage → wage_self",1634.95343701449,14580503.0465445,0.0112132855210504
2020-04-01,"2020-Q2","wage_self → self_only",1224.80832477917,14580503.0465445,0.00840031596213987
2020-04-01,"2020-Q2","self_wage → wage_wage",1085.44343437876,14580503.0465445,0.00744448549486778
2020-04-01,"2020-Q2","self_self → wage_self",768.619858365087,14580503.0465445,0.00527155925904247
2020-04-01,"2020-Q2","wage_wage → self_only",582.400251993028,14580503.0465445,0.00399437694388091
2020-04-01,"2020-Q2","wage_self → wage_wage",341.74733099046,14580503.0465445,0.00234386515951829
2020-07-01,"2020-Q3","No transition",9573734.22765186,14600659.7612509,65.5705590308997
2020-07-01,"2020-Q3","wage_only → self_wage",31091.4187579901,14600659.7612509,0.212945300187766
2020-07-01,"2020-Q3","self_wage → wage_only",20204.8020811216,14600659.7612509,0.138382801952167
2020-07-01,"2020-Q3","wage_wage → wage_only",20183.6218660489,14600659.7612509,0.138237738541204
2020-07-01,"2020-Q3","wage_only → wage_self",18460.8625014192,14600659.7612509,0.126438550060682
2020-07-01,"2020-Q3","wage_only → wage_wage",16201.4049877516,14600659.7612509,0.110963512969112
2020-07-01,"2020-Q3","self_only → wage_wage",14524.6438843454,14600659.7612509,0.0994793668358243
2020-07-01,"2020-Q3","wage_only → self_only",8597.07427743644,14600659.7612509,0.0588814095939174
2020-07-01,"2020-Q3","self_only → self_self",5690.39767851294,14600659.7612509,0.0389735653837701
2020-07-01,"2020-Q3","self_only → wage_only",3941.25170546331,14600659.7612509,0.0269936548752619
2020-07-01,"2020-Q3","wage_self → self_only",3928.5996972118,14600659.7612509,0.026907001200302
2020-07-01,"2020-Q3","wage_self → wage_only",3732.64814936933,14600659.7612509,0.0255649279580879
2020-07-01,"2020-Q3","wage_wage → self_only",3201.8815695304,14600659.7612509,0.0219297046975093
2020-07-01,"2020-Q3","self_wage → wage_wage",2163.28200084058,14600659.7612509,0.0148163304687215
2020-07-01,"2020-Q3","wage_wage → self_wage",1898.76818571192,14600659.7612509,0.0130046738761156
2020-07-01,"2020-Q3","self_self → self_only",1686.73052943039,14600659.7612509,0.0115524267876363
2020-07-01,"2020-Q3","wage_wage → self_self",375.897965644982,14600659.7612509,0.00257452725966937
2020-07-01,"2020-Q3","self_self → wage_only",319.63885023043,14600659.7612509,0.00218920826494928
2020-10-01,"2020-Q4","No transition",10209798.1757772,14791131.5088884,69.0264850234197
2020-10-01,"2020-Q4","wage_only → self_wage",49175.8631095399,14791131.5088884,0.33246856793876
2020-10-01,"2020-Q4","wage_only → wage_wage",36833.2793735342,14791131.5088884,0.249022729271253
2020-10-01,"2020-Q4","self_wage → wage_only",20869.8142068975,14791131.5088884,0.141096806517853
2020-10-01,"2020-Q4","wage_only → wage_self",15435.5055732769,14791131.5088884,0.104356489319301
2020-10-01,"2020-Q4","self_only → wage_wage",13971.1359770944,14791131.5088884,0.0944561676616749
2020-10-01,"2020-Q4","wage_wage → wage_only",12150.2051585311,14791131.5088884,0.0821452040449352
2020-10-01,"2020-Q4","wage_only → self_only",11782.680620857,14791131.5088884,0.0796604412162547
2020-10-01,"2020-Q4","wage_self → wage_only",7767.67667251013,14791131.5088884,0.052515770465852
2020-10-01,"2020-Q4","self_only → self_self",6266.70291202891,14791131.5088884,0.0423679750819812
2020-10-01,"2020-Q4","self_only → wage_only",4174.96814108632,14791131.5088884,0.0282261579418551
2020-10-01,"2020-Q4","wage_self → self_only",3893.4592635769,14791131.5088884,0.0263229304751784
2020-10-01,"2020-Q4","wage_wage → wage_self",2543.35981951326,14791131.5088884,0.0171951673743478
2020-10-01,"2020-Q4","wage_wage → self_only",1978.82014281617,14791131.5088884,0.0133784230207611
2020-10-01,"2020-Q4","self_only → wage_self",1626.62370892196,14791131.5088884,0.0109972905584977
2020-10-01,"2020-Q4","self_self → self_only",1373.59504382009,14791131.5088884,0.00928661233925655
2020-10-01,"2020-Q4","self_wage → wage_wage",1334.75414901722,14791131.5088884,0.00902401650756153
2020-10-01,"2020-Q4","wage_self → wage_wage",1248.03372238938,14791131.5088884,0.00843771635482658
2020-10-01,"2020-Q4","wage_wage → self_wage",1237.25328931592,14791131.5088884,0.00836483191683083
2020-10-01,"2020-Q4","wage_wage → self_self",1196.8044094369,14791131.5088884,0.00809136480679461
2020-10-01,"2020-Q4","self_only → self_wage",1068.13061606577,14791131.5088884,0.00722142599721938
2020-10-01,"2020-Q4","self_wage → self_only",1018.84167011358,14791131.5088884,0.00688819289789517
2020-10-01,"2020-Q4","wage_self → self_self",796.53390350963,14791131.5088884,0.00538521277449918
2020-10-01,"2020-Q4","self_self → wage_self",772.542524132379,14791131.5088884,0.00522301166525453
