"year_quarter","category","ddipl","share"
"2013-Q1","Hybrid Entrepreneurs",4,100
"2013-Q1","Non-Entrepreneurs",1,20.2972851126862
"2013-Q1","Non-Entrepreneurs",3,15.8872197461081
"2013-Q1","Non-Entrepreneurs",4,19.649250308496
"2013-Q1","Non-Entrepreneurs",5,24.1271344944129
"2013-Q1","Non-Entrepreneurs",6,6.2738752056063
"2013-Q1","Non-Entrepreneurs",7,13.7652351326906
"2013-Q1","Poly-Entrepreneurs",1,34.2337493405197
"2013-Q1","Poly-Entrepreneurs",3,31.1963168260997
"2013-Q1","Poly-Entrepreneurs",4,9.84276237285184
"2013-Q1","Poly-Entrepreneurs",5,24.7271714605287
"2013-Q2","Hybrid Entrepreneurs",3,69.7265258217883
"2013-Q2","Hybrid Entrepreneurs",5,30.2734741782117
"2013-Q2","Non-Entrepreneurs",1,20.6234841667245
"2013-Q2","Non-Entrepreneurs",3,15.8977083884841
"2013-Q2","Non-Entrepreneurs",4,19.8182771812623
"2013-Q2","Non-Entrepreneurs",5,24.2261162864744
"2013-Q2","Non-Entrepreneurs",6,5.95818518171815
"2013-Q2","Non-Entrepreneurs",7,13.4762287953365
"2013-Q2","Poly-Entrepreneurs",1,26.4405826189547
"2013-Q2","Poly-Entrepreneurs",3,28.4752505715699
"2013-Q2","Poly-Entrepreneurs",4,10.4117267543439
"2013-Q2","Poly-Entrepreneurs",5,22.7209200401372
"2013-Q2","Poly-Entrepreneurs",6,11.9515200149942
"2013-Q3","Hybrid Entrepreneurs",3,40.8475375458288
"2013-Q3","Hybrid Entrepreneurs",5,59.1524624541712
"2013-Q3","Non-Entrepreneurs",1,20.7403729105916
"2013-Q3","Non-Entrepreneurs",3,16.1553760955979
"2013-Q3","Non-Entrepreneurs",4,19.8997413901085
"2013-Q3","Non-Entrepreneurs",5,24.8250336114226
"2013-Q3","Non-Entrepreneurs",6,5.58400826380665
"2013-Q3","Non-Entrepreneurs",7,12.7954677284727
"2013-Q3","Poly-Entrepreneurs",1,7.887258360894
"2013-Q3","Poly-Entrepreneurs",3,23.6064731541864
"2013-Q3","Poly-Entrepreneurs",4,45.2860354647822
"2013-Q3","Poly-Entrepreneurs",5,12.9463846795639
"2013-Q3","Poly-Entrepreneurs",6,10.2738483405734
"2013-Q4","Hybrid Entrepreneurs",3,35.9968790600024
"2013-Q4","Hybrid Entrepreneurs",5,64.0031209399976
"2013-Q4","Non-Entrepreneurs",1,20.8818100386589
"2013-Q4","Non-Entrepreneurs",3,16.2413537331956
"2013-Q4","Non-Entrepreneurs",4,19.7925434575592
"2013-Q4","Non-Entrepreneurs",5,24.9646321468596
"2013-Q4","Non-Entrepreneurs",6,5.42892152314638
"2013-Q4","Non-Entrepreneurs",7,12.6907391005803
"2013-Q4","Poly-Entrepreneurs",1,38.4376306466201
"2013-Q4","Poly-Entrepreneurs",3,17.0686468899756
"2013-Q4","Poly-Entrepreneurs",4,25.5271911234041
"2013-Q4","Poly-Entrepreneurs",5,13.4652300418326
"2013-Q4","Poly-Entrepreneurs",6,5.50130129816747
"2014-Q1","Hybrid Entrepreneurs",3,28.2048674104596
"2014-Q1","Hybrid Entrepreneurs",5,71.7951325895404
"2014-Q1","Non-Entrepreneurs",1,21.27065491971
"2014-Q1","Non-Entrepreneurs",3,16.3866844664548
"2014-Q1","Non-Entrepreneurs",4,19.8473983018327
"2014-Q1","Non-Entrepreneurs",5,25.0131828034033
"2014-Q1","Non-Entrepreneurs",6,5.2601967331399
"2014-Q1","Non-Entrepreneurs",7,12.2218827754594
"2014-Q1","Poly-Entrepreneurs",1,36.5955642600922
"2014-Q1","Poly-Entrepreneurs",3,15.6606485454837
"2014-Q1","Poly-Entrepreneurs",4,19.8084838558239
"2014-Q1","Poly-Entrepreneurs",5,14.0120062809168
"2014-Q1","Poly-Entrepreneurs",6,3.62266544468819
"2014-Q1","Poly-Entrepreneurs",7,10.3006316129951
"2014-Q2","Hybrid Entrepreneurs",3,28.8098102688226
"2014-Q2","Hybrid Entrepreneurs",4,15.5277249268563
"2014-Q2","Hybrid Entrepreneurs",5,55.6624648043211
"2014-Q2","Non-Entrepreneurs",1,21.3577413392033
"2014-Q2","Non-Entrepreneurs",3,16.3735959054122
"2014-Q2","Non-Entrepreneurs",4,19.7977319144863
"2014-Q2","Non-Entrepreneurs",5,25.2358431272661
"2014-Q2","Non-Entrepreneurs",6,5.11694869838204
"2014-Q2","Non-Entrepreneurs",7,12.11813901525
"2014-Q2","Poly-Entrepreneurs",1,22.2807255073418
"2014-Q2","Poly-Entrepreneurs",3,23.025979887984
"2014-Q2","Poly-Entrepreneurs",4,18.9655262602427
"2014-Q2","Poly-Entrepreneurs",5,11.5896908200896
"2014-Q2","Poly-Entrepreneurs",6,16.1599346381592
"2014-Q2","Poly-Entrepreneurs",7,7.97814288618263
"2014-Q3","Hybrid Entrepreneurs",4,46.2528754552924
"2014-Q3","Hybrid Entrepreneurs",5,53.7471245447076
"2014-Q3","Non-Entrepreneurs",1,21.5757957195259
"2014-Q3","Non-Entrepreneurs",3,16.489057374712
"2014-Q3","Non-Entrepreneurs",4,19.9633682846914
"2014-Q3","Non-Entrepreneurs",5,25.1521649043954
"2014-Q3","Non-Entrepreneurs",6,5.04605277089333
"2014-Q3","Non-Entrepreneurs",7,11.773560945782
"2014-Q3","Poly-Entrepreneurs",1,23.1812703767163
"2014-Q3","Poly-Entrepreneurs",3,20.8970630185894
"2014-Q3","Poly-Entrepreneurs",4,28.0025892442796
"2014-Q3","Poly-Entrepreneurs",5,11.5516445897522
"2014-Q3","Poly-Entrepreneurs",6,11.4943579915765
"2014-Q3","Poly-Entrepreneurs",7,4.87307477908609
"2014-Q4","Hybrid Entrepreneurs",4,37.3105770035256
"2014-Q4","Hybrid Entrepreneurs",5,41.3603552868885
"2014-Q4","Hybrid Entrepreneurs",7,21.3290677095859
"2014-Q4","Non-Entrepreneurs",1,22.1659360447942
"2014-Q4","Non-Entrepreneurs",3,16.4916745267649
"2014-Q4","Non-Entrepreneurs",4,19.8186120889646
"2014-Q4","Non-Entrepreneurs",5,24.9074703994782
"2014-Q4","Non-Entrepreneurs",6,5.1224588106232
"2014-Q4","Non-Entrepreneurs",7,11.493848129375
"2014-Q4","Poly-Entrepreneurs",1,26.1621342959775
"2014-Q4","Poly-Entrepreneurs",3,13.1660835591285
"2014-Q4","Poly-Entrepreneurs",4,27.2196472911377
"2014-Q4","Poly-Entrepreneurs",5,11.1361810172636
"2014-Q4","Poly-Entrepreneurs",6,8.1862839867442
"2014-Q4","Poly-Entrepreneurs",7,14.1296698497484
"2015-Q1","Hybrid Entrepreneurs",1,29.8948220891256
"2015-Q1","Hybrid Entrepreneurs",5,46.922782176462
"2015-Q1","Hybrid Entrepreneurs",7,23.1823957344124
"2015-Q1","Non-Entrepreneurs",1,22.3735862382325
"2015-Q1","Non-Entrepreneurs",3,16.4932339991291
"2015-Q1","Non-Entrepreneurs",4,20.1171650898081
"2015-Q1","Non-Entrepreneurs",5,24.5386691514055
"2015-Q1","Non-Entrepreneurs",6,5.16286575599905
"2015-Q1","Non-Entrepreneurs",7,11.3144797654257
"2015-Q1","Poly-Entrepreneurs",1,21.4838261397985
"2015-Q1","Poly-Entrepreneurs",3,15.7015535249811
"2015-Q1","Poly-Entrepreneurs",4,24.950740433715
"2015-Q1","Poly-Entrepreneurs",5,20.8202624339541
"2015-Q1","Poly-Entrepreneurs",6,8.75567094292814
"2015-Q1","Poly-Entrepreneurs",7,8.28794652462324
"2015-Q2","Hybrid Entrepreneurs",1,15.7318935163994
"2015-Q2","Hybrid Entrepreneurs",3,21.761966147196
"2015-Q2","Hybrid Entrepreneurs",4,23.3328392570393
"2015-Q2","Hybrid Entrepreneurs",5,25.1979757613049
"2015-Q2","Hybrid Entrepreneurs",7,13.9753253180604
"2015-Q2","Non-Entrepreneurs",1,22.4296592414412
"2015-Q2","Non-Entrepreneurs",3,16.2833357425267
"2015-Q2","Non-Entrepreneurs",4,20.2025380085513
"2015-Q2","Non-Entrepreneurs",5,24.7885034513554
"2015-Q2","Non-Entrepreneurs",6,5.16441302652312
"2015-Q2","Non-Entrepreneurs",7,11.1315505296023
"2015-Q2","Poly-Entrepreneurs",1,22.3723180776388
"2015-Q2","Poly-Entrepreneurs",3,17.1256710891932
"2015-Q2","Poly-Entrepreneurs",4,16.9610260046415
"2015-Q2","Poly-Entrepreneurs",5,28.9709953683755
"2015-Q2","Poly-Entrepreneurs",6,10.8429229049282
"2015-Q2","Poly-Entrepreneurs",7,3.72706655522287
"2015-Q3","Hybrid Entrepreneurs",1,35.4791603405263
"2015-Q3","Hybrid Entrepreneurs",3,14.3846667987714
"2015-Q3","Hybrid Entrepreneurs",4,15.729215186652
"2015-Q3","Hybrid Entrepreneurs",5,23.339335079083
"2015-Q3","Hybrid Entrepreneurs",7,11.0676225949673
"2015-Q3","Non-Entrepreneurs",1,22.5536707645876
"2015-Q3","Non-Entrepreneurs",3,16.236486869237
"2015-Q3","Non-Entrepreneurs",4,20.4531675165154
"2015-Q3","Non-Entrepreneurs",5,24.7179725643373
"2015-Q3","Non-Entrepreneurs",6,4.93141168989612
"2015-Q3","Non-Entrepreneurs",7,11.1072905954265
"2015-Q3","Poly-Entrepreneurs",1,33.5029606913196
"2015-Q3","Poly-Entrepreneurs",4,27.9378674229632
"2015-Q3","Poly-Entrepreneurs",5,25.4654801666448
"2015-Q3","Poly-Entrepreneurs",6,7.00738636834254
"2015-Q3","Poly-Entrepreneurs",7,6.08630535072977
"2015-Q4","Hybrid Entrepreneurs",1,53.1494676334681
"2015-Q4","Hybrid Entrepreneurs",3,13.9387221802163
"2015-Q4","Hybrid Entrepreneurs",4,17.6113741940637
"2015-Q4","Hybrid Entrepreneurs",5,5.88466737355885
"2015-Q4","Hybrid Entrepreneurs",7,9.41576861869292
"2015-Q4","Non-Entrepreneurs",1,23.3626135663746
"2015-Q4","Non-Entrepreneurs",3,16.351154567016
"2015-Q4","Non-Entrepreneurs",4,20.3612611288157
"2015-Q4","Non-Entrepreneurs",5,24.1845802476066
"2015-Q4","Non-Entrepreneurs",6,4.91385465884122
"2015-Q4","Non-Entrepreneurs",7,10.8265358313459
"2015-Q4","Poly-Entrepreneurs",1,40.6680431821102
"2015-Q4","Poly-Entrepreneurs",3,3.49396633319191
"2015-Q4","Poly-Entrepreneurs",4,15.762279574347
"2015-Q4","Poly-Entrepreneurs",5,34.3792686987759
"2015-Q4","Poly-Entrepreneurs",7,5.69644221157503
"2018-Q1","Hybrid Entrepreneurs",1,14.472087151622
"2018-Q1","Hybrid Entrepreneurs",3,48.5491105987014
"2018-Q1","Hybrid Entrepreneurs",4,8.78571689319685
"2018-Q1","Hybrid Entrepreneurs",5,28.1930853564798
"2018-Q1","Non-Entrepreneurs",1,25.2494689814526
"2018-Q1","Non-Entrepreneurs",3,16.0188993391672
"2018-Q1","Non-Entrepreneurs",4,20.2181329910732
"2018-Q1","Non-Entrepreneurs",5,23.3186769199956
"2018-Q1","Non-Entrepreneurs",6,4.61229485444742
"2018-Q1","Non-Entrepreneurs",7,10.5825269138641
"2018-Q1","Poly-Entrepreneurs",1,47.6010126314423
"2018-Q1","Poly-Entrepreneurs",3,33.2152504949905
"2018-Q1","Poly-Entrepreneurs",4,11.9647676891583
"2018-Q1","Poly-Entrepreneurs",5,5.75437195763609
"2018-Q1","Poly-Entrepreneurs",6,1.4645972267728
"2018-Q2","Hybrid Entrepreneurs",3,75.0547022078706
"2018-Q2","Hybrid Entrepreneurs",5,24.9452977921294
"2018-Q2","Non-Entrepreneurs",1,25.3214199386332
"2018-Q2","Non-Entrepreneurs",3,15.9177671905406
"2018-Q2","Non-Entrepreneurs",4,20.4988194199168
"2018-Q2","Non-Entrepreneurs",5,23.1120947523554
"2018-Q2","Non-Entrepreneurs",6,4.5090892698371
"2018-Q2","Non-Entrepreneurs",7,10.640809428717
"2018-Q2","Poly-Entrepreneurs",1,52.7350654287988
"2018-Q2","Poly-Entrepreneurs",3,28.773401202802
"2018-Q2","Poly-Entrepreneurs",4,11.2009344099923
"2018-Q2","Poly-Entrepreneurs",5,5.07976381395776
"2018-Q2","Poly-Entrepreneurs",7,2.21083514444915
"2018-Q3","Hybrid Entrepreneurs",1,13.7212726752715
"2018-Q3","Hybrid Entrepreneurs",3,49.3152232992192
"2018-Q3","Hybrid Entrepreneurs",4,7.87552997199581
"2018-Q3","Hybrid Entrepreneurs",5,29.0879740535135
"2018-Q3","Non-Entrepreneurs",1,25.468764018997
"2018-Q3","Non-Entrepreneurs",3,16.0072238232956
"2018-Q3","Non-Entrepreneurs",4,20.7326099366056
"2018-Q3","Non-Entrepreneurs",5,22.781232662674
"2018-Q3","Non-Entrepreneurs",6,4.42923570641337
"2018-Q3","Non-Entrepreneurs",7,10.5809338520145
"2018-Q3","Poly-Entrepreneurs",1,42.5717451500718
"2018-Q3","Poly-Entrepreneurs",3,23.9738790831791
"2018-Q3","Poly-Entrepreneurs",4,14.003019949075
"2018-Q3","Poly-Entrepreneurs",5,8.26296534246633
"2018-Q3","Poly-Entrepreneurs",7,11.1883904752077
"2018-Q4","Hybrid Entrepreneurs",1,19.9143218131377
"2018-Q4","Hybrid Entrepreneurs",3,34.0877685556181
"2018-Q4","Hybrid Entrepreneurs",4,8.64921484126144
"2018-Q4","Hybrid Entrepreneurs",5,37.3486947899827
"2018-Q4","Non-Entrepreneurs",1,26.098471622085
"2018-Q4","Non-Entrepreneurs",3,15.9679993078408
"2018-Q4","Non-Entrepreneurs",4,20.4150053915491
"2018-Q4","Non-Entrepreneurs",5,22.8420745696891
"2018-Q4","Non-Entrepreneurs",6,4.31135429102171
"2018-Q4","Non-Entrepreneurs",7,10.3650948178143
"2018-Q4","Poly-Entrepreneurs",1,51.3200605564182
"2018-Q4","Poly-Entrepreneurs",3,13.2156459396605
"2018-Q4","Poly-Entrepreneurs",4,22.6115973934144
"2018-Q4","Poly-Entrepreneurs",5,7.89779278280287
"2018-Q4","Poly-Entrepreneurs",7,4.95490332770399
"2019-Q1","Hybrid Entrepreneurs",3,15.1214832783331
"2019-Q1","Hybrid Entrepreneurs",4,15.1214832783331
"2019-Q1","Hybrid Entrepreneurs",5,69.7570334433338
"2019-Q1","Non-Entrepreneurs",1,26.5592658398377
"2019-Q1","Non-Entrepreneurs",3,16.2675309960287
"2019-Q1","Non-Entrepreneurs",4,20.6175774083024
"2019-Q1","Non-Entrepreneurs",5,22.5606223219804
"2019-Q1","Non-Entrepreneurs",6,4.05230202778093
"2019-Q1","Non-Entrepreneurs",7,9.94270140606984
"2019-Q1","Poly-Entrepreneurs",1,37.2122300938848
"2019-Q1","Poly-Entrepreneurs",3,20.5716161774813
"2019-Q1","Poly-Entrepreneurs",4,20.6514645385102
"2019-Q1","Poly-Entrepreneurs",5,12.2579563290407
"2019-Q1","Poly-Entrepreneurs",6,3.43049246217024
"2019-Q1","Poly-Entrepreneurs",7,5.87624039891281
"2019-Q2","Hybrid Entrepreneurs",1,24.3173248301405
"2019-Q2","Hybrid Entrepreneurs",3,22.7831341944625
"2019-Q2","Hybrid Entrepreneurs",5,52.8995409753971
"2019-Q2","Non-Entrepreneurs",1,26.4749668472417
"2019-Q2","Non-Entrepreneurs",3,16.083741042079
"2019-Q2","Non-Entrepreneurs",4,20.6435356730823
"2019-Q2","Non-Entrepreneurs",5,22.7483762409185
"2019-Q2","Non-Entrepreneurs",6,4.11889471327881
"2019-Q2","Non-Entrepreneurs",7,9.93048548339966
"2019-Q2","Poly-Entrepreneurs",1,42.0533190472002
"2019-Q2","Poly-Entrepreneurs",3,27.6862563313182
"2019-Q2","Poly-Entrepreneurs",4,18.11482690859
"2019-Q2","Poly-Entrepreneurs",5,8.7705835048413
"2019-Q2","Poly-Entrepreneurs",6,2.91372850051582
"2019-Q2","Poly-Entrepreneurs",7,0.461285707534392
"2019-Q3","Hybrid Entrepreneurs",1,23.5766449437933
"2019-Q3","Hybrid Entrepreneurs",3,42.0205216506311
"2019-Q3","Hybrid Entrepreneurs",5,34.4028334055755
"2019-Q3","Non-Entrepreneurs",1,26.2836491793195
"2019-Q3","Non-Entrepreneurs",3,16.3109957809967
"2019-Q3","Non-Entrepreneurs",4,20.70678920506
"2019-Q3","Non-Entrepreneurs",5,22.6967079694193
"2019-Q3","Non-Entrepreneurs",6,4.18055577325396
"2019-Q3","Non-Entrepreneurs",7,9.82130209195052
"2019-Q3","Poly-Entrepreneurs",1,40.658819988494
"2019-Q3","Poly-Entrepreneurs",3,7.90454550848248
"2019-Q3","Poly-Entrepreneurs",4,17.0095538104167
"2019-Q3","Poly-Entrepreneurs",5,15.0777853684951
"2019-Q3","Poly-Entrepreneurs",6,7.77044467028985
"2019-Q3","Poly-Entrepreneurs",7,11.5788506538218
"2019-Q4","Hybrid Entrepreneurs",1,45.0411772003105
"2019-Q4","Hybrid Entrepreneurs",3,32.6853044324171
"2019-Q4","Hybrid Entrepreneurs",5,22.2735183672724
"2019-Q4","Non-Entrepreneurs",1,26.8624165797643
"2019-Q4","Non-Entrepreneurs",3,16.3303099017333
"2019-Q4","Non-Entrepreneurs",4,20.3520671096201
"2019-Q4","Non-Entrepreneurs",5,22.2425637867072
"2019-Q4","Non-Entrepreneurs",6,4.33646835524799
"2019-Q4","Non-Entrepreneurs",7,9.8761742669271
"2019-Q4","Poly-Entrepreneurs",1,47.050440024376
"2019-Q4","Poly-Entrepreneurs",3,12.0998560967609
"2019-Q4","Poly-Entrepreneurs",4,12.6400973809088
"2019-Q4","Poly-Entrepreneurs",5,14.4625406177157
"2019-Q4","Poly-Entrepreneurs",6,10.88413064259
"2019-Q4","Poly-Entrepreneurs",7,2.86293523764869
"2020-Q1","Hybrid Entrepreneurs",1,57.7380394443863
"2020-Q1","Hybrid Entrepreneurs",3,26.2395103472666
"2020-Q1","Hybrid Entrepreneurs",5,16.0224502083471
"2020-Q1","Non-Entrepreneurs",1,27.4125107372036
"2020-Q1","Non-Entrepreneurs",3,16.3382907560597
"2020-Q1","Non-Entrepreneurs",4,20.3028930273776
"2020-Q1","Non-Entrepreneurs",5,21.9536860851909
"2020-Q1","Non-Entrepreneurs",6,4.50415274781116
"2020-Q1","Non-Entrepreneurs",7,9.48846664635711
"2020-Q1","Poly-Entrepreneurs",1,45.6062904469877
"2020-Q1","Poly-Entrepreneurs",3,9.58766220965511
"2020-Q1","Poly-Entrepreneurs",4,19.9927400009322
"2020-Q1","Poly-Entrepreneurs",5,9.64942146454653
"2020-Q1","Poly-Entrepreneurs",6,10.8912524552588
"2020-Q1","Poly-Entrepreneurs",7,4.27263342261964
"2020-Q2","Hybrid Entrepreneurs",1,47.0078863918021
"2020-Q2","Hybrid Entrepreneurs",3,6.36590705642669
"2020-Q2","Hybrid Entrepreneurs",4,33.2577670250234
"2020-Q2","Hybrid Entrepreneurs",5,13.3684395267478
"2020-Q2","Non-Entrepreneurs",1,28.5015992301529
"2020-Q2","Non-Entrepreneurs",3,16.5664157729655
"2020-Q2","Non-Entrepreneurs",4,20.0965279640803
"2020-Q2","Non-Entrepreneurs",5,21.4412469033026
"2020-Q2","Non-Entrepreneurs",6,4.19760577676702
"2020-Q2","Non-Entrepreneurs",7,9.19660435273166
"2020-Q2","Poly-Entrepreneurs",1,51.6806326679834
"2020-Q2","Poly-Entrepreneurs",3,7.58160582107944
"2020-Q2","Poly-Entrepreneurs",4,21.744882718652
"2020-Q2","Poly-Entrepreneurs",5,6.12866406251259
"2020-Q2","Poly-Entrepreneurs",6,9.69489016860707
"2020-Q2","Poly-Entrepreneurs",7,3.1693245611655
"2020-Q3","Hybrid Entrepreneurs",1,42.2428998593297
"2020-Q3","Hybrid Entrepreneurs",3,6.68813104414633
"2020-Q3","Hybrid Entrepreneurs",4,51.0689690965239
"2020-Q3","Non-Entrepreneurs",1,28.13420541372
"2020-Q3","Non-Entrepreneurs",3,16.236032942389
"2020-Q3","Non-Entrepreneurs",4,20.487905297026
"2020-Q3","Non-Entrepreneurs",5,21.4751912623258
"2020-Q3","Non-Entrepreneurs",6,4.27092495487883
"2020-Q3","Non-Entrepreneurs",7,9.39574012966033
"2020-Q3","Poly-Entrepreneurs",1,58.0576572508897
"2020-Q3","Poly-Entrepreneurs",3,6.80430370218127
"2020-Q3","Poly-Entrepreneurs",4,18.2270227733972
"2020-Q3","Poly-Entrepreneurs",5,6.7577974532978
"2020-Q3","Poly-Entrepreneurs",6,6.87144280591516
"2020-Q3","Poly-Entrepreneurs",7,3.28177601431883
"2020-Q4","Hybrid Entrepreneurs",1,58.3036898868641
"2020-Q4","Hybrid Entrepreneurs",4,17.5197554077614
"2020-Q4","Hybrid Entrepreneurs",7,24.1765547053745
"2020-Q4","Non-Entrepreneurs",1,28.5555004672716
"2020-Q4","Non-Entrepreneurs",3,16.3639391190671
"2020-Q4","Non-Entrepreneurs",4,20.3264308267775
"2020-Q4","Non-Entrepreneurs",5,21.4441587545488
"2020-Q4","Non-Entrepreneurs",6,4.23246245869789
"2020-Q4","Non-Entrepreneurs",7,9.07750837363718
"2020-Q4","Poly-Entrepreneurs",1,47.970250822002
"2020-Q4","Poly-Entrepreneurs",3,16.8812985127782
"2020-Q4","Poly-Entrepreneurs",4,23.4975308383526
"2020-Q4","Poly-Entrepreneurs",5,3.95453471245325
"2020-Q4","Poly-Entrepreneurs",6,4.82402832174117
"2020-Q4","Poly-Entrepreneurs",7,2.87235679267274
